Date,Historical_Volatility
2014-02-14,0.14203381665573525
2014-02-18,0.14205464070977616
2014-02-19,0.14319408075873208
2014-02-20,0.1431758181649854
2014-02-21,0.14329083724967312
2014-02-24,0.1444028560211334
2014-02-25,0.1443305451687717
2014-02-26,0.13925264990946393
2014-02-27,0.13648861385516933
2014-02-28,0.135925982641006
2014-03-03,0.13764901306956978
2014-03-04,0.14395633235764488
2014-03-05,0.1438308596577887
2014-03-06,0.1438688134679045
2014-03-07,0.14102246960520926
2014-03-10,0.12510633543056152
2014-03-11,0.12520047437117857
2014-03-12,0.12450348466116865
2014-03-13,0.1257817944969768
2014-03-14,0.12272976253898336
2014-03-17,0.12320242893963208
2014-03-18,0.10047609720082348
2014-03-19,0.10218116621013903
2014-03-20,0.10211449828761952
2014-03-21,0.09842148909190929
2014-03-24,0.09382972584626505
2014-03-25,0.09430619646792658
2014-03-26,0.09242731253558902
2014-03-27,0.09268296006037091
2014-03-28,0.0921674932626057
2014-03-31,0.09385417396558558
2014-04-01,0.09567591270521986
2014-04-02,0.09325135057624645
2014-04-03,0.09228550654386894
2014-04-04,0.09991283616146666
2014-04-07,0.1035842808449523
2014-04-08,0.10407167689438024
2014-04-09,0.10865125739626572
2014-04-10,0.12416531855813871
2014-04-11,0.12654153760628123
2014-04-14,0.12752535671904236
2014-04-15,0.12073530168383068
2014-04-16,0.12488876985284895
2014-04-17,0.12484627645621492
2014-04-21,0.12536108587546677
2014-04-22,0.1259337149271925
2014-04-23,0.12518554070744736
2014-04-24,0.12526578955282025
2014-04-25,0.12269526275995718
2014-04-28,0.12259678416524263
2014-04-29,0.12025938617209853
2014-04-30,0.11878389399491064
2014-05-01,0.11725295859970933
2014-05-02,0.11613341058724715
2014-05-05,0.11584586823848644
2014-05-06,0.118053820434492
2014-05-07,0.1184795981909082
2014-05-08,0.1165943335346649
2014-05-09,0.11641934207487736
2014-05-12,0.11884315689151487
2014-05-13,0.11686424769815881
2014-05-14,0.11608085864478092
2014-05-15,0.11890832330672295
2014-05-16,0.11946157710494298
2014-05-19,0.11403096948533782
2014-05-20,0.11105156308533183
2014-05-21,0.11286041213039086
2014-05-22,0.10875741066225006
2014-05-23,0.08857061622997979
2014-05-27,0.0835266961334124
2014-05-28,0.08159082934365204
2014-05-29,0.08089788051229047
2014-05-30,0.07618112013239348
2014-06-02,0.07618359570051286
2014-06-03,0.07585220644183865
2014-06-04,0.07532154896483893
2014-06-05,0.07647491738009052
2014-06-06,0.07712538410792037
2014-06-09,0.07188245764137385
2014-06-10,0.07187991540412669
2014-06-11,0.07255963185396667
2014-06-12,0.07613535260248502
2014-06-13,0.07636795325346347
2014-06-16,0.07606403654768434
2014-06-17,0.07609902148837476
2014-06-18,0.0723360117295034
2014-06-19,0.0713113448042271
2014-06-20,0.07081940226536883
2014-06-23,0.07098241865429253
2014-06-24,0.07015721456417079
2014-06-25,0.07106648712087747
2014-06-26,0.069286184306944
2014-06-27,0.06163323437512282
2014-06-30,0.06152892722735749
2014-07-01,0.063021130535187
2014-07-02,0.05833411408266647
2014-07-03,0.056307850664542344
2014-07-07,0.05855265146591581
2014-07-08,0.06289614750226005
2014-07-09,0.06210409577997641
2014-07-10,0.06361627485660226
2014-07-11,0.062254690896578396
2014-07-14,0.06328073597548316
2014-07-15,0.0638193352314915
2014-07-16,0.06444010559502743
2014-07-17,0.07429168135813098
2014-07-18,0.07762993949951984
2014-07-21,0.0771498616587627
2014-07-22,0.07828364490555816
2014-07-23,0.0783196945086885
2014-07-24,0.07732337416986784
2014-07-25,0.07560124222454549
2014-07-28,0.07529807443404256
2014-07-29,0.07682731654921829
2014-07-30,0.07668588320890844
2014-07-31,0.09408534381521692
2014-08-01,0.09419526082247065
2014-08-04,0.09665125076292945
2014-08-05,0.10032597821272492
2014-08-06,0.09885747459928576
2014-08-07,0.09854637573028777
2014-08-08,0.10485208597204544
2014-08-11,0.10504453722497246
2014-08-12,0.10510659926483713
2014-08-13,0.10512390746659274
2014-08-14,0.10599555829054187
2014-08-15,0.10457352214781877
2014-08-18,0.10721989922915648
2014-08-19,0.10609361884317904
2014-08-20,0.10551122078337605
2014-08-21,0.10494964308763507
2014-08-22,0.10514759960700576
2014-08-25,0.10512711284666718
2014-08-26,0.10491464959061603
2014-08-27,0.1043199606455832
2014-08-28,0.097991164522377
2014-08-29,0.09407079911685573
2014-09-02,0.09375854166600393
2014-09-03,0.09283138854747057
2014-09-04,0.09287431106283756
2014-09-05,0.09392849877087912
2014-09-08,0.09321317831365096
2014-09-09,0.09536686475640423
2014-09-10,0.09480306531428719
2014-09-11,0.0948036368483282
2014-09-12,0.07514993205876584
2014-09-15,0.07445948429438916
2014-09-16,0.0746768215953233
2014-09-17,0.06741775650250804
2014-09-18,0.06803035469053931
2014-09-19,0.064938647331039
2014-09-22,0.06399005313390663
2014-09-23,0.06675795822156821
2014-09-24,0.06935902213963793
2014-09-25,0.08354019787975063
2014-09-26,0.08616042233307894
2014-09-29,0.08659685016788571
2014-09-30,0.08351953375944983
2014-10-01,0.0905218207848059
2014-10-02,0.09007726590777058
2014-10-03,0.09590336065981177
2014-10-06,0.09584944172220604
2014-10-07,0.1035844865561428
2014-10-08,0.11657343443327264
2014-10-09,0.13036821767475457
2014-10-10,0.13372179884764
2014-10-13,0.13967363243972386
2014-10-14,0.1400237323177199
2014-10-15,0.1410271480019633
2014-10-16,0.1411949551029403
2014-10-17,0.1464668803419612
2014-10-20,0.14994699870114425
2014-10-21,0.16118130461178123
2014-10-22,0.16170816815872072
2014-10-23,0.16625775452416058
2014-10-24,0.1669790314624164
2014-10-27,0.16701166831999228
2014-10-28,0.16930536718567102
2014-10-29,0.1692808888930219
2014-10-30,0.169679458958407
2014-10-31,0.17317377116784766
2014-11-03,0.1714291873477561
2014-11-04,0.17071079165651912
2014-11-05,0.17003045401338443
2014-11-06,0.16273541195607824
2014-11-07,0.16120817384411515
2014-11-10,0.1610025129358108
2014-11-11,0.16059663015575906
2014-11-12,0.1548210245903225
2014-11-13,0.15478186413690628
2014-11-14,0.15213456058055225
2014-11-17,0.15191168921503528
2014-11-18,0.14399636139183294
2014-11-19,0.1365937314359319
2014-11-20,0.11957482210944533
2014-11-21,0.11270628509328652
2014-11-24,0.09701238210738362
2014-11-25,0.09775666370887283
2014-11-26,0.09169938631265545
2014-11-28,0.09289941253191422
2014-12-01,0.09316376356420433
2014-12-02,0.09187700351130669
2014-12-03,0.07693068505449845
2014-12-04,0.07224265528031751
2014-12-05,0.06590781586438882
2014-12-08,0.06946538308951311
2014-12-09,0.06907107539584394
2014-12-10,0.08018219741536922
2014-12-11,0.080681757784612
2014-12-12,0.09305365987804298
2014-12-15,0.08811069715441154
2014-12-16,0.0911192064480093
2014-12-17,0.10942438150736146
2014-12-18,0.12881873727850293
2014-12-19,0.12900688386954473
2014-12-22,0.1293210489107849
2014-12-23,0.12916699988420802
2014-12-24,0.12919230437524948
2014-12-26,0.12933321846837767
2014-12-29,0.12932969135197792
2014-12-30,0.1303929806183796
2014-12-31,0.13423225608562764
2015-01-02,0.1334618189213919
2015-01-05,0.14371590832496658
2015-01-06,0.14558240659980803
2015-01-07,0.14901821722088746
2015-01-08,0.1581116226670465
2015-01-09,0.1599296430138733
2015-01-12,0.1611984353767622
2015-01-13,0.16120210701281515
2015-01-14,0.16089160322753787
2015-01-15,0.16133781969405236
2015-01-16,0.16625552310249153
2015-01-20,0.1663957655502482
2015-01-21,0.16701880146426937
2015-01-22,0.1719612991392335
2015-01-23,0.17272408571978276
2015-01-26,0.16579484478630882
2015-01-27,0.17013938827069716
2015-01-28,0.16806384314089767
2015-01-29,0.1691116039569204
2015-01-30,0.1716939441985658
2015-02-02,0.16546570903201452
2015-02-03,0.15550933328732908
2015-02-04,0.15527135726951427
2015-02-05,0.1579215006533326
2015-02-06,0.15807481138854645
2015-02-09,0.15846782226858996
2015-02-10,0.1614247645500417
2015-02-11,0.16139096140537743
2015-02-12,0.1632883587175028
2015-02-13,0.16055626173574175
2015-02-17,0.160549537711937
2015-02-18,0.15017992615143091
2015-02-19,0.14723635704761717
2015-02-20,0.1448179207591282
2015-02-23,0.13616055324330317
2015-02-24,0.13342326871204852
2015-02-25,0.13066524674736582
2015-02-26,0.13041150972821278
2015-02-27,0.1292872658271182
2015-03-02,0.12576636128263147
2015-03-03,0.12238705567248409
2015-03-04,0.12355261777375193
2015-03-05,0.12311332329792272
2015-03-06,0.12332679482803455
2015-03-09,0.12259943070928177
2015-03-10,0.13237736547481577
2015-03-11,0.1264725596974535
2015-03-12,0.12450663090045484
2015-03-13,0.1235064499539005
2015-03-16,0.12214273592983653
2015-03-17,0.11783525165485617
2015-03-18,0.1157237105774684
2015-03-19,0.11600976788098231
2015-03-20,0.11515647223024648
2015-03-23,0.11473112522962549
2015-03-24,0.11558381742509098
2015-03-25,0.11980947434550242
2015-03-26,0.11999158688270722
2015-03-27,0.11662465833426845
2015-03-30,0.12164599460938601
2015-03-31,0.12405946093681454
2015-04-01,0.12446532634079598
2015-04-02,0.1250309217820846
2015-04-06,0.12525923051930513
2015-04-07,0.12534598941144293
2015-04-08,0.12532895690357573
2015-04-09,0.12614544329361294
2015-04-10,0.12709930038561446
2015-04-13,0.1275025434561409
2015-04-14,0.12623627936403733
2015-04-15,0.12653846007266578
2015-04-16,0.12587824083379992
2015-04-17,0.13010866638498417
2015-04-20,0.12601766366939338
2015-04-21,0.12570826976185406
2015-04-22,0.11517764086586645
2015-04-23,0.11488643915005632
2015-04-24,0.10975717815473968
2015-04-27,0.10883670392929304
2015-04-28,0.10226238442775461
2015-04-29,0.10240783612185125
2015-04-30,0.10079402093881208
2015-05-01,0.10475423988708185
2015-05-04,0.10181437587866565
2015-05-05,0.10746626473138589
2015-05-06,0.10676830314641243
2015-05-07,0.09815706756051336
2015-05-08,0.10470241335701908
2015-05-11,0.10606499607402531
2015-05-12,0.10074884899873043
2015-05-13,0.097081534020786
2015-05-14,0.10052261846955042
2015-05-15,0.10023675790182134
2015-05-18,0.09900033610210299
2015-05-19,0.09873043951073474
2015-05-20,0.09869847294320604
2015-05-21,0.0981899945998145
2015-05-22,0.0975536128360576
2015-05-26,0.10140455462492026
2015-05-27,0.10462234787897684
2015-05-28,0.10377181828019494
2015-05-29,0.10547437018577664
2015-06-01,0.0999216772994745
2015-06-02,0.09649648252053507
2015-06-03,0.09652746448312834
2015-06-04,0.09875173513874447
2015-06-05,0.09851860597162063
2015-06-08,0.09979238875552345
2015-06-09,0.09925628730382789
2015-06-10,0.10531461933466418
2015-06-11,0.10487863959274019
2015-06-12,0.10260307167861776
2015-06-15,0.09822832226269493
2015-06-16,0.0993480200669029
2015-06-17,0.09325129098898595
2015-06-18,0.09627020986425579
2015-06-19,0.09731618777914017
2015-06-22,0.09083348254781883
2015-06-23,0.08948469258572166
2015-06-24,0.09176104093017269
2015-06-25,0.09220495098168816
2015-06-26,0.08644202077439886
2015-06-29,0.10489979637728532
2015-06-30,0.10477467163107547
2015-07-01,0.10728996722020877
2015-07-02,0.10729738253743823
2015-07-06,0.10724848568058737
2015-07-07,0.10908383666883514
2015-07-08,0.11533747438744048
2015-07-09,0.11178643548804289
2015-07-10,0.11839857824970387
2015-07-13,0.12186720931728733
2015-07-14,0.12243107517534203
2015-07-15,0.12241434804818277
2015-07-16,0.12447883598359763
2015-07-17,0.12165448916251907
2015-07-20,0.12151500041964326
2015-07-21,0.12056285998501966
2015-07-22,0.12088605516987488
2015-07-23,0.1171213496536925
2015-07-24,0.12098373106679895
2015-07-27,0.12045991964362208
2015-07-28,0.12526496507022813
2015-07-29,0.12597555142180902
2015-07-30,0.12586630942581892
2015-07-31,0.12258055388991419
2015-08-03,0.12188770834026
2015-08-04,0.12055836489526564
2015-08-05,0.12096376550604537
2015-08-06,0.12117003842800743
2015-08-07,0.1211519443937739
2015-08-10,0.12702582022764655
2015-08-11,0.11443020589181714
2015-08-12,0.1142507566608261
2015-08-13,0.11263201720234053
2015-08-14,0.11315551481590505
2015-08-17,0.11333858895621732
2015-08-18,0.11246090504276772
2015-08-19,0.10377657273426404
2015-08-20,0.12107950986761262
2015-08-21,0.14633432806832702
2015-08-24,0.17781985924633031
2015-08-25,0.17856778626124323
2015-08-26,0.21774961588093172
2015-08-27,0.22948091241049884
2015-08-28,0.2294248081599672
2015-08-31,0.22995468897507673
2015-09-01,0.24303523403152816
2015-09-02,0.2509557350384024
2015-09-03,0.2510076519582381
2015-09-04,0.25269620265922305
2015-09-08,0.2647748324560139
2015-09-09,0.263764713489115
2015-09-10,0.26317946140067483
2015-09-11,0.26385783828938303
2015-09-14,0.26390982666488116
2015-09-15,0.26753930501692935
2015-09-16,0.26926594736414466
2015-09-17,0.2689306966291004
2015-09-18,0.2716810333029483
2015-09-21,0.27231068042752427
2015-09-22,0.27042554707339234
2015-09-23,0.2696012790686028
2015-09-24,0.2694438667107981
2015-09-25,0.26948370791059584
2015-09-28,0.2770094043667363
2015-09-29,0.2761772271366038
2015-09-30,0.28383140342121715
2015-10-01,0.2836646227574475
2015-10-02,0.2819833596663593
2015-10-05,0.27198007861916657
2015-10-06,0.24486015534837577
2015-10-07,0.24122917066800048
2015-10-08,0.21583529976028618
2015-10-09,0.20454585536131736
2015-10-12,0.20455709674090386
2015-10-13,0.20401138408990532
2015-10-14,0.1837677233361232
2015-10-15,0.1812793767016674
2015-10-16,0.18152218658089023
2015-10-19,0.17449660208428747
2015-10-20,0.16030275021805795
2015-10-21,0.15538395419250214
2015-10-22,0.16125332650993573
2015-10-23,0.16333077896415607
2015-10-26,0.16275357240597388
2015-10-27,0.15994932205016174
2015-10-28,0.1614279259202519
2015-10-29,0.16107033846233626
2015-10-30,0.15331941653518585
2015-11-02,0.15580386995990583
2015-11-03,0.14951678462569015
2015-11-04,0.1500003772106802
2015-11-05,0.14934876438296985
2015-11-06,0.1493265581316667
2015-11-09,0.12869372995011671
2015-11-10,0.12865648497525667
2015-11-11,0.12099670397762138
2015-11-12,0.13023013079730747
2015-11-13,0.13041246218127736
2015-11-16,0.12688579895489369
2015-11-17,0.12632641101281053
2015-11-18,0.13220781712981666
2015-11-19,0.13053446833918672
2015-11-20,0.13075586345594095
2015-11-23,0.130952241141999
2015-11-24,0.12874838011898262
2015-11-25,0.12752775815077005
2015-11-27,0.12116713137927662
2015-11-30,0.12181547320993587
2015-12-01,0.1251174433214185
2015-12-02,0.12981128792984453
2015-12-03,0.1358398594891386
2015-12-04,0.14025014433090374
2015-12-07,0.13839270835836381
2015-12-08,0.13959238421093725
2015-12-09,0.14118898867921698
2015-12-10,0.13671353035928402
2015-12-11,0.14721494207384073
2015-12-14,0.14779164947237808
2015-12-15,0.14689157040505457
2015-12-16,0.15327790074471515
2015-12-17,0.15875914620956924
2015-12-18,0.1661260138485436
2015-12-21,0.16826249975267143
2015-12-22,0.16864157303637112
2015-12-23,0.1727336187600872
2015-12-24,0.17255174805514065
2015-12-28,0.16765658858028104
2015-12-29,0.16666011983944412
2015-12-30,0.16285824146576366
2015-12-31,0.16519187374733574
2016-01-04,0.16351608947172436
2016-01-05,0.16376494011864065
2016-01-06,0.16676642500182814
2016-01-07,0.17866952711294473
2016-01-08,0.18001140398479215
2016-01-11,0.18015639467969297
2016-01-12,0.18249127770767123
2016-01-13,0.193779433686004
2016-01-14,0.19823440947911275
2016-01-15,0.20427943013552877
2016-01-19,0.20179213985960023
2016-01-20,0.19077130682038818
2016-01-21,0.19229007673214515
2016-01-22,0.2039074473477915
2016-01-25,0.2069175294095663
2016-01-26,0.21224880239929766
2016-01-27,0.20768983036709743
2016-01-28,0.20792449068904692
2016-01-29,0.2191790913950657
2016-02-01,0.21382476032199665
2016-02-02,0.21602508193467201
2016-02-03,0.21183433896435355
2016-02-04,0.21022481488796432
2016-02-05,0.21321996370218899
2016-02-08,0.21083630049463584
2016-02-09,0.2109269549597811
2016-02-10,0.21111142641831174
2016-02-11,0.20830971736046688
2016-02-12,0.21904236715931302
2016-02-16,0.2255250055611444
2016-02-17,0.22852950926090596
2016-02-18,0.2284949411252721
2016-02-19,0.22588420970869358
2016-02-22,0.21975194695433525
2016-02-23,0.22050172706693202
2016-02-24,0.22085573208396891
2016-02-25,0.2221516064554837
2016-02-26,0.20900626876479153
2016-02-29,0.20524414359247856
2016-03-01,0.2054684833229923
2016-03-02,0.2055404352033618
2016-03-03,0.2014889890459784
2016-03-04,0.20133565090015243
2016-03-07,0.1940282937116057
2016-03-08,0.19101023670245112
2016-03-09,0.1877092699062277
2016-03-10,0.18406604081906539
2016-03-11,0.18856588647479425
2016-03-14,0.17627134430699545
2016-03-15,0.17644399670687036
2016-03-16,0.16616005490106212
2016-03-17,0.16646200032883993
2016-03-18,0.16656753792083503
2016-03-21,0.1545746329463445
2016-03-22,0.1463728071544017
2016-03-23,0.14867585886015786
2016-03-24,0.1487144609925524
2016-03-28,0.1415629469680643
2016-03-29,0.13434258596180754
2016-03-30,0.12842116465385334
2016-03-31,0.12244618149677342
2016-04-01,0.121186864392253
2016-04-04,0.12213817560876211
2016-04-05,0.12205126259121513
2016-04-06,0.11695659664002032
2016-04-07,0.12400712062316413
2016-04-08,0.12078757982805326
2016-04-11,0.12103249533148666
2016-04-12,0.11958768391261165
2016-04-13,0.10343057402025058
2016-04-14,0.10327624416133785
2016-04-15,0.10337736860692903
2016-04-18,0.10430292716125249
2016-04-19,0.1043742791717671
2016-04-20,0.09705192813814391
2016-04-21,0.0988084834907603
2016-04-22,0.09882354577076882
2016-04-25,0.08886210777169684
2016-04-26,0.08860855914175564
2016-04-27,0.08815052510643492
2016-04-28,0.09224912994567445
2016-04-29,0.09207962874839867
2016-05-02,0.09387204287696269
2016-05-03,0.09756968844976906
2016-05-04,0.09914835274824904
2016-05-05,0.09726902880861234
2016-05-06,0.09761558555353558
2016-05-09,0.09762081788109561
2016-05-10,0.10090115761455327
2016-05-11,0.10427901678046929
2016-05-12,0.10409730955307642
2016-05-13,0.10522640200459145
2016-05-16,0.10889927304290384
2016-05-17,0.10832314239762851
2016-05-18,0.10370187062310975
2016-05-19,0.09822801463655287
2016-05-20,0.09946749109328305
2016-05-23,0.09932337882291883
2016-05-24,0.10328377402222172
2016-05-25,0.10111867008459106
2016-05-26,0.10112399684480998
2016-05-27,0.1017682591514976
2016-05-31,0.10009110396652109
2016-06-01,0.09973818842504435
2016-06-02,0.10005458596800193
2016-06-03,0.09922752312189326
2016-06-06,0.10017898891240996
2016-06-07,0.10001334455990951
2016-06-08,0.10028283220714927
2016-06-09,0.10040867218666892
2016-06-10,0.10036274291902847
2016-06-13,0.10216502452274699
2016-06-14,0.0997464185487196
2016-06-15,0.09654242022232032
2016-06-16,0.0951427714654069
2016-06-17,0.09573360190647513
2016-06-20,0.09670798099130412
2016-06-21,0.09692977056517471
2016-06-22,0.09017062770271615
2016-06-23,0.09339737903950711
2016-06-24,0.1416308722682912
2016-06-27,0.14895496370518535
2016-06-28,0.15549388596647665
2016-06-29,0.16103979095570803
2016-06-30,0.16547055676717135
2016-07-01,0.16492011843303245
2016-07-05,0.16577556444060246
2016-07-06,0.1661156652734819
2016-07-07,0.1616689971187583
2016-07-08,0.16630871288542065
2016-07-11,0.16647188729157777
2016-07-12,0.16715355454337802
2016-07-13,0.16707405679005222
2016-07-14,0.16754605893304653
2016-07-15,0.16755615443728294
2016-07-18,0.16720155502675987
2016-07-19,0.1669634556021324
2016-07-20,0.16724675405810938
2016-07-21,0.16761966672171108
2016-07-22,0.1677959265638436
2016-07-25,0.16548940067255646
2016-07-26,0.16315905682889667
2016-07-27,0.16306388612491332
2016-07-28,0.1627583743713187
2016-07-29,0.16269379599681005
2016-08-01,0.16228457178159658
2016-08-02,0.1633834099962797
2016-08-03,0.1634216298382503
2016-08-04,0.16322554281155732
2016-08-05,0.16072920631375665
2016-08-08,0.11656205184579935
2016-08-09,0.0995255780884052
2016-08-10,0.09029978746439046
2016-08-11,0.07911827794369995
2016-08-12,0.07113085273237824
2016-08-15,0.07123597353901162
2016-08-16,0.06996418551774493
2016-08-17,0.06897993988589594
2016-08-18,0.06871575107165663
2016-08-19,0.055159902513541775
2016-08-22,0.0547525881429057
2016-08-23,0.051563908788800926
2016-08-24,0.05421542802839571
2016-08-25,0.05238236137552835
2016-08-26,0.05253117944712982
2016-08-29,0.05421764084500418
2016-08-30,0.05437516752639932
2016-08-31,0.0534509795264427
2016-09-01,0.052359877649040786
2016-09-02,0.05210796357580608
2016-09-06,0.05191194082543946
2016-09-07,0.05192644691684286
2016-09-08,0.05226118884579761
2016-09-09,0.08855120096357764
2016-09-12,0.09892362239919195
2016-09-13,0.10761757750484081
2016-09-14,0.10625045128697845
2016-09-15,0.11015494147600076
2016-09-16,0.11061959854476938
2016-09-19,0.10731850557849307
2016-09-20,0.10735056632127184
2016-09-21,0.11242064133132117
2016-09-22,0.11380389146732353
2016-09-23,0.11410527350713875
2016-09-26,0.11660790266910644
2016-09-27,0.11799160903677391
2016-09-28,0.11812274745327188
2016-09-29,0.12093977805908834
2016-09-30,0.12317286778162559
2016-10-03,0.12343745553561884
2016-10-04,0.12416743328981732
2016-10-05,0.12474864187192375
2016-10-06,0.12391361023557039
2016-10-07,0.12418899134927876
2016-10-10,0.12490931049834839
2016-10-11,0.12885769255602395
2016-10-12,0.12889670831003236
2016-10-13,0.12900332026167594
2016-10-14,0.1290137737735159
2016-10-17,0.12839956494217475
2016-10-18,0.1295376754083975
2016-10-19,0.12979994886072074
2016-10-20,0.1297317747798069
2016-10-21,0.10807378624684323
2016-10-24,0.10007693901936958
2016-10-25,0.09062757684743612
2016-10-26,0.0907835741464928
2016-10-27,0.086218527432976
2016-10-28,0.08600114777442654
2016-10-31,0.08599992901755224
2016-11-01,0.08807787342758051
2016-11-02,0.0829167626973591
2016-11-03,0.08032769872292683
2016-11-04,0.07926422960734865
2016-11-07,0.10158619377954874
2016-11-08,0.10035350480495527
2016-11-09,0.10446717823564147
2016-11-10,0.10087108861916227
2016-11-11,0.09828074135590131
2016-11-14,0.0978068057096576
2016-11-15,0.09889556210198489
2016-11-16,0.09839001321819113
2016-11-17,0.09921126907941466
2016-11-18,0.09896368323440001
2016-11-21,0.1003417062856013
2016-11-22,0.09253274288411666
2016-11-23,0.09253436672177198
2016-11-25,0.09205093809776442
2016-11-28,0.09393333033124485
2016-11-29,0.09312113202049357
2016-11-30,0.09256019423312
2016-12-01,0.09335691048026858
2016-12-02,0.09314954999237574
2016-12-05,0.09423112606535328
2016-12-06,0.09384629482326459
2016-12-07,0.09912005160136889
2016-12-08,0.09865104319349491
2016-12-09,0.09840253234119177
2016-12-12,0.09768700593353868
2016-12-13,0.09833168596995945
2016-12-14,0.09946061069473021
2016-12-15,0.09605709225469296
2016-12-16,0.09467806164625292
2016-12-19,0.09382999915765863
2016-12-20,0.0735717502536929
2016-12-21,0.07456621450986413
2016-12-22,0.07004316569305094
2016-12-23,0.07003189335360986
2016-12-27,0.06953462824948331
2016-12-28,0.07515681764563152
2016-12-29,0.0729520974244833
2016-12-30,0.07443117339877227
2017-01-03,0.07687003438460063
2017-01-04,0.07729063805006156
2017-01-05,0.07528420200661773
2017-01-06,0.07555675063897149
2017-01-09,0.07675533029187041
2017-01-10,0.07628672063056126
2017-01-11,0.07424746833335007
2017-01-12,0.07483732751275932
2017-01-13,0.07406572092849094
2017-01-17,0.07378279241805757
2017-01-18,0.07376637350159215
2017-01-19,0.07370188368607526
2017-01-20,0.07368872910398287
2017-01-23,0.06449397710787652
2017-01-24,0.06678456041245813
2017-01-25,0.06851112248172307
2017-01-26,0.06843354752680104
2017-01-27,0.06616774278337076
2017-01-30,0.0640746887729385
2017-01-31,0.06331793084361811
2017-02-01,0.06303180184630368
2017-02-02,0.06284310279796804
2017-02-03,0.06535788712694225
2017-02-06,0.0652354826896394
2017-02-07,0.06488332979089578
2017-02-08,0.06484567005361314
2017-02-09,0.06646075582235013
2017-02-10,0.061319472858467956
2017-02-13,0.062416412545716386
2017-02-14,0.06043835675601204
2017-02-15,0.05768748881161968
2017-02-16,0.056475735557206905
2017-02-17,0.05621221286327971
2017-02-21,0.05758369516857496
2017-02-22,0.056215159308701794
2017-02-23,0.056140208322200735
2017-02-24,0.055972252080211275
2017-02-27,0.055009155099242826
2017-02-28,0.056202389448625385
2017-03-01,0.06522817591620425
2017-03-02,0.0689430829562834
2017-03-03,0.06725935096418001
2017-03-06,0.06859257871632496
2017-03-07,0.06871409944924246
2017-03-08,0.06782132402440609
2017-03-09,0.06466149507750885
2017-03-10,0.06479088562979146
2017-03-13,0.06456505417892516
2017-03-14,0.06245160450023976
2017-03-15,0.06543125558840895
2017-03-16,0.06598177425998353
2017-03-17,0.0664286870286628
2017-03-20,0.06473437520706495
2017-03-21,0.07519659630373848
2017-03-22,0.07525030883734374
2017-03-23,0.0754446056732361
2017-03-24,0.07405184082363554
2017-03-27,0.0736084557520464
2017-03-28,0.07497842544482357
2017-03-29,0.0742457779036721
2017-03-30,0.07336090291580188
2017-03-31,0.0736589314955034
2017-04-03,0.07372011668141681
2017-04-04,0.0715692202626045
2017-04-05,0.0720399490844175
2017-04-06,0.07227254935884615
2017-04-07,0.07214660166135263
2017-04-10,0.07210621426616048
2017-04-11,0.07184954587324131
2017-04-12,0.059440773974583645
2017-04-13,0.06021886160153445
2017-04-17,0.06598766034553247
2017-04-18,0.06585832550370663
2017-04-19,0.06556148718706015
2017-04-20,0.06923141133170564
2017-04-21,0.06969293291870178
2017-04-24,0.07614221958675904
2017-04-25,0.0781413078080741
2017-04-26,0.07742883647555984
2017-04-27,0.07358134931315108
2017-04-28,0.07364304252471073
2017-05-01,0.07368198787461161
2017-05-02,0.07344955033843176
2017-05-03,0.06312825324166424
2017-05-04,0.06301500381075847
2017-05-05,0.06361056035320893
2017-05-08,0.0634688883468791
2017-05-09,0.06347029045501744
2017-05-10,0.06046041032467202
2017-05-11,0.06095651926936306
2017-05-12,0.06074998363943989
2017-05-15,0.06156571001116959
2017-05-16,0.06133041065219994
2017-05-17,0.08198585169559314
2017-05-18,0.08215353894197498
2017-05-19,0.08421275037524928
2017-05-22,0.08526388983699267
2017-05-23,0.085344657113812
2017-05-24,0.0852925689368486
2017-05-25,0.08485771664707566
2017-05-26,0.08160872985157502
2017-05-30,0.078807325162709
2017-05-31,0.078095692407918
2017-06-01,0.07991816652089517
2017-06-02,0.0780553406353724
2017-06-05,0.07737939943783044
2017-06-06,0.0726020803256881
2017-06-07,0.07088844166441609
2017-06-08,0.0708194298162723
2017-06-09,0.07094931801429882
2017-06-12,0.07071247573940079
2017-06-13,0.07154090334814371
2017-06-14,0.07169872530390763
2017-06-15,0.07197920984054783
2017-06-16,0.07198589063020243
2017-06-19,0.07477644850359709
2017-06-20,0.0778231908385698
2017-06-21,0.07775683382883644
2017-06-22,0.07778904065633502
2017-06-23,0.07743228424962564
2017-06-26,0.0771846200872717
2017-06-27,0.08017974016435575
2017-06-28,0.0838556227503276
2017-06-29,0.0684279967927884
2017-06-30,0.06794445126308202
2017-07-03,0.06574217788637796
2017-07-05,0.0644033107179373
2017-07-06,0.070356200919708
2017-07-07,0.07236478199101429
2017-07-10,0.07132498123376599
2017-07-11,0.07137794191621824
2017-07-12,0.07418748767094077
2017-07-13,0.07425342255824109
2017-07-14,0.07230670189229361
2017-07-17,0.07163392983186442
2017-07-18,0.07149654636673224
2017-07-19,0.07230182797621917
2017-07-20,0.072276842100589
2017-07-21,0.07232245935939917
2017-07-24,0.07236400420611355
2017-07-25,0.07254101623599438
2017-07-26,0.07161898536706633
2017-07-27,0.07161476584749911
2017-07-28,0.07136093705937713
2017-07-31,0.07145379094551155
2017-08-01,0.06778657713328569
2017-08-02,0.06444133608118574
2017-08-03,0.06485334619054893
2017-08-04,0.06490764144995172
2017-08-07,0.06491942014103574
2017-08-08,0.06549774403854534
2017-08-09,0.060343146508943415
2017-08-10,0.07024847520648812
2017-08-11,0.06543876582510458
2017-08-14,0.07122028283573191
2017-08-15,0.07109527070798938
2017-08-16,0.0710914491635769
2017-08-17,0.08002127243102194
2017-08-18,0.0780927057178695
2017-08-21,0.07811947673479055
2017-08-22,0.08317528196246034
2017-08-23,0.0812152021144927
2017-08-24,0.08123953622914931
2017-08-25,0.08016318171687704
2017-08-28,0.08018754327105156
2017-08-29,0.08021160184897859
2017-08-30,0.07978468408187579
2017-08-31,0.08161472770204692
2017-09-01,0.08180959222162668
2017-09-05,0.08469810193061669
2017-09-06,0.08476496691506562
2017-09-07,0.08475540485440014
2017-09-08,0.08481171013801188
2017-09-11,0.09051204740198475
2017-09-12,0.09091139180640559
2017-09-13,0.09070674572121108
2017-09-14,0.09079652325334316
2017-09-15,0.09060603515859192
2017-09-18,0.09055252965679371
2017-09-19,0.0905004735298741
2017-09-20,0.09011889741078703
2017-09-21,0.0906659563419859
2017-09-22,0.07898967004354378
2017-09-25,0.07948490227522098
2017-09-26,0.07445899179343199
2017-09-27,0.07514570473169167
2017-09-28,0.0751273634939009
2017-09-29,0.05827501126813166
2017-10-02,0.05803040514641651
2017-10-03,0.058066635937467304
2017-10-04,0.0521667974601485
2017-10-05,0.05186324156150054
2017-10-06,0.051351165555236875
2017-10-09,0.05222006028104639
2017-10-10,0.05222273725555696
2017-10-11,0.05220364514929191
2017-10-12,0.05208745388656683
2017-10-13,0.050335714641329146
2017-10-16,0.0503043570539565
2017-10-17,0.04318765476808982
2017-10-18,0.04288804271806097
2017-10-19,0.04276395190331526
2017-10-20,0.043314876941791425
2017-10-23,0.03630110019903819
2017-10-24,0.03566747890269862
2017-10-25,0.03921696894416079
2017-10-26,0.03882995395232054
2017-10-27,0.04405050379576407
2017-10-30,0.045720549591207374
2017-10-31,0.04571676803379017
2017-11-01,0.04575184354060448
2017-11-02,0.04424058376738166
2017-11-03,0.04461773550587388
2017-11-06,0.04347398930546206
2017-11-07,0.04354164423260572
2017-11-08,0.04270342893307268
2017-11-09,0.04500764084824448
2017-11-10,0.04456077416694169
2017-11-13,0.04362066177673596
2017-11-14,0.04426678330316744
2017-11-15,0.0476078270068849
2017-11-16,0.05055212975958832
2017-11-17,0.05115282025484685
2017-11-20,0.05078282762829139
2017-11-21,0.05350359004927484
2017-11-22,0.05352969741321853
2017-11-24,0.05327101077714987
2017-11-27,0.05335409983322885
2017-11-28,0.059625903306747614
2017-11-29,0.05973672466338112
2017-11-30,0.06339288192550174
2017-12-01,0.0640097583761755
2017-12-04,0.0630814814544854
2017-12-05,0.06293073644589824
2017-12-06,0.06294416156353991
2017-12-07,0.06105878857184081
2017-12-08,0.06242130505861768
2017-12-11,0.059259151240997544
2017-12-12,0.05791456854531603
2017-12-13,0.058107743895454075
2017-12-14,0.059996835515598416
2017-12-15,0.06429884982019766
2017-12-18,0.06520077049532744
2017-12-19,0.06651108683138175
2017-12-20,0.06664859459713922
2017-12-21,0.06668924566888948
2017-12-22,0.06524733738791957
2017-12-26,0.06529514756766305
2017-12-27,0.06530444352955406
2017-12-28,0.06444222651186272
2017-12-29,0.06412994474772929
2018-01-02,0.0642294903143407
2018-01-03,0.06463879849341331
2018-01-04,0.064973138355837
2018-01-05,0.06530087715730294
2018-01-08,0.06485214935851553
2018-01-09,0.0648720352463225
2018-01-10,0.06512508753812102
2018-01-11,0.06257829736704988
2018-01-12,0.06387524022880016
2018-01-16,0.06300024212809772
2018-01-17,0.06594796532731279
2018-01-18,0.06619277327613447
2018-01-19,0.06427970534712044
2018-01-22,0.06604044953872794
2018-01-23,0.0660337426840821
2018-01-24,0.06595323958551037
2018-01-25,0.06606467786446328
2018-01-26,0.07169832695075878
2018-01-29,0.07613230063237196
2018-01-30,0.08334270283023336
2018-01-31,0.08084431246444276
2018-02-01,0.08042396601308362
2018-02-02,0.10341591268471592
2018-02-05,0.15974517521808196
2018-02-06,0.1677701202924522
2018-02-07,0.1684371085975914
2018-02-08,0.20060220145019186
2018-02-09,0.20592929060323997
2018-02-12,0.21015924874005826
2018-02-13,0.20980189284999437
2018-02-14,0.21207377676559336
2018-02-15,0.21415853101313753
2018-02-16,0.2138690506513755
2018-02-20,0.21354385527731648
2018-02-21,0.21399729744349497
2018-02-22,0.2139756032302
2018-02-23,0.21924387651357916
2018-02-26,0.2209658820854182
2018-02-27,0.2231692149869004
2018-02-28,0.22515768686607904
2018-03-01,0.22595872577551507
2018-03-02,0.22673808817646166
2018-03-05,0.22896732680650134
2018-03-06,0.22764139799870417
2018-03-07,0.2274337666114306
2018-03-08,0.2280302628367535
2018-03-09,0.2342041480324034
2018-03-12,0.23125625716327528
2018-03-13,0.23117873709539835
2018-03-14,0.22972414482052778
2018-03-15,0.2296931441405672
2018-03-16,0.22980885032411447
2018-03-19,0.22523730939553083
2018-03-20,0.1897514093204791
2018-03-21,0.18327777735264617
2018-03-22,0.19711151105125674
2018-03-23,0.17454261696525072
2018-03-26,0.1867076610117901
2018-03-27,0.18918891912281813
2018-03-28,0.18908211421644489
2018-03-29,0.18932238140433563
2018-04-02,0.1953973216973621
2018-04-03,0.19975252213943454
2018-04-04,0.202731736365339
2018-04-05,0.20341289521998035
2018-04-06,0.21268155129070004
2018-04-09,0.20686900183023763
2018-04-10,0.2101301228109687
2018-04-11,0.20779578981030872
2018-04-12,0.2073381481279397
2018-04-13,0.20392218279902335
2018-04-16,0.20479100336819153
2018-04-17,0.20461895210896563
2018-04-18,0.20447586401129902
2018-04-19,0.2051118423792406
2018-04-20,0.2059290790585835
2018-04-23,0.19865710713637985
2018-04-24,0.20169558031863463
2018-04-25,0.2014649375222088
2018-04-26,0.20393081103243102
2018-04-27,0.20401719973578436
2018-04-30,0.20494395368411478
2018-05-01,0.20142977646511026
2018-05-02,0.2022054527707357
2018-05-03,0.20222497368318684
2018-05-04,0.19242216681009844
2018-05-07,0.1816643591397049
2018-05-08,0.16406096570361095
2018-05-09,0.15755594825842575
2018-05-10,0.158841384427197
2018-05-11,0.15455203204820128
2018-05-14,0.13764833138570606
2018-05-15,0.13602791132550995
2018-05-16,0.1327823692876097
2018-05-17,0.13170115744808117
2018-05-18,0.11346003105724894
2018-05-21,0.11466589635896716
2018-05-22,0.10589250540620086
2018-05-23,0.10433766768751108
2018-05-24,0.102495813731354
2018-05-25,0.10234131144745476
2018-05-29,0.10599497203708769
2018-05-30,0.10789155660657092
2018-05-31,0.10982080312951385
2018-06-01,0.1128017013935206
2018-06-04,0.10997936481906445
2018-06-05,0.10994875082333803
2018-06-06,0.10321711975847303
2018-06-07,0.10345679779471537
2018-06-08,0.10017229690861666
2018-06-11,0.10017346810909053
2018-06-12,0.09596865087629196
2018-06-13,0.09735827526188572
2018-06-14,0.09381162770409197
2018-06-15,0.0934120054689441
2018-06-18,0.08808426905269948
2018-06-19,0.08920399273590393
2018-06-20,0.08912128701633304
2018-06-21,0.0879411072156283
2018-06-22,0.08407949259338833
2018-06-25,0.09337752421122775
2018-06-26,0.09357839748289219
2018-06-27,0.09481781185889179
2018-06-28,0.09582434394453926
2018-06-29,0.09582172674292774
2018-07-02,0.09588726568739138
2018-07-03,0.0944919656661941
2018-07-05,0.09744249698760106
2018-07-06,0.1000265453488137
2018-07-09,0.10270243201642318
2018-07-10,0.1025830178505785
2018-07-11,0.0986055482517498
2018-07-12,0.09515685969574789
2018-07-13,0.09224334128809353
2018-07-16,0.0877375676164732
2018-07-17,0.08756447749587924
2018-07-18,0.08765704892160113
2018-07-19,0.08552077533815294
2018-07-20,0.08554994649146322
2018-07-23,0.08527310203099787
2018-07-24,0.08621937600767844
2018-07-25,0.08972879291132231
2018-07-26,0.08931761253321668
2018-07-27,0.09161235773708258
2018-07-30,0.09328443706080655
2018-07-31,0.09391691717557962
2018-08-01,0.09305569277868964
2018-08-02,0.09384531743640534
2018-08-03,0.0920319366836252
2018-08-06,0.0922808584889702
2018-08-07,0.08085317212326121
2018-08-08,0.08103659518162412
2018-08-09,0.0756624721856032
2018-08-10,0.07881402177192093
2018-08-13,0.08035522312391627
2018-08-14,0.08157213822550907
2018-08-15,0.08369408067718398
2018-08-16,0.08318274467280808
2018-08-17,0.08059376908976996
2018-08-20,0.0773241618293946
2018-08-21,0.07702028651630118
2018-08-22,0.07339632567724307
2018-08-23,0.07003986287320646
2018-08-24,0.07182865326566466
2018-08-27,0.07421359788299595
2018-08-28,0.07376937046484329
2018-08-29,0.07494182983489248
2018-08-30,0.07523682963294288
2018-08-31,0.0750407302745234
2018-09-04,0.07545484158846147
2018-09-05,0.07540693691677665
2018-09-06,0.07220929000330613
2018-09-07,0.07191114459115806
2018-09-10,0.06890082311322934
2018-09-11,0.06663994268102505
2018-09-12,0.06563578139782997
2018-09-13,0.06659822177092838
2018-09-14,0.06561369198139269
2018-09-17,0.06722475106494798
2018-09-18,0.06812988542538242
2018-09-19,0.06784250810699585
2018-09-20,0.07096003400607276
2018-09-21,0.07072647025874376
2018-09-24,0.06790176570620962
2018-09-25,0.06660790999897473
2018-09-26,0.06582784900295795
2018-09-27,0.061047631267339725
2018-09-28,0.057601327118838704
2018-10-01,0.05772692330943544
2018-10-02,0.05764338170667788
2018-10-03,0.05751222870813533
2018-10-04,0.06298355790752586
2018-10-05,0.0650734717467295
2018-10-08,0.06267684483726102
2018-10-09,0.05856341710657542
2018-10-10,0.11131575957563743
2018-10-11,0.12247006776277147
2018-10-12,0.13108019066909485
2018-10-15,0.13157686685878464
2018-10-16,0.1478170374528619
2018-10-17,0.14772719335955958
2018-10-18,0.1526709985152983
2018-10-19,0.1526632183374916
2018-10-22,0.15263322137158436
2018-10-23,0.15228658401300119
2018-10-24,0.17396706410175025
2018-10-25,0.18335717908468901
2018-10-26,0.18824648432013136
2018-10-29,0.18839118222249934
2018-10-30,0.19458743161485959
2018-10-31,0.19818135626852942
2018-11-01,0.19953543943550775
2018-11-02,0.1998160371407649
2018-11-05,0.201099604306844
2018-11-06,0.20253428957914013
2018-11-07,0.2131387737600833
2018-11-08,0.21288063868700796
2018-11-09,0.21411112063504828
2018-11-12,0.21988218265323956
2018-11-13,0.2198253852719221
2018-11-14,0.2201551574576672
2018-11-15,0.22270062647743671
2018-11-16,0.2227461538002372
2018-11-19,0.2268752590506673
2018-11-20,0.2315006049162379
2018-11-21,0.21364630624558412
2018-11-23,0.2065606223417866
2018-11-26,0.20744889697484295
2018-11-27,0.20729150469904928
2018-11-28,0.20871013944195177
2018-11-29,0.20874838373744453
2018-11-30,0.20618504840769009
2018-12-03,0.208611502216629
2018-12-04,0.228921944672039
2018-12-06,0.22846676436742283
2018-12-07,0.22065152423674805
2018-12-10,0.2134473788278435
2018-12-11,0.20758671306364695
2018-12-12,0.207297221579159
2018-12-13,0.20204863601581036
2018-12-14,0.20624923298269346
2018-12-17,0.21051547460835118
2018-12-18,0.2102887972119056
2018-12-19,0.21235784913253605
2018-12-20,0.21373997494015654
2018-12-21,0.20578826739250466
2018-12-24,0.21535427835342202
2018-12-26,0.2682137139168234
2018-12-27,0.2661902551087632
2018-12-28,0.26620226813903913
2018-12-31,0.2678140597319972
2019-01-02,0.2652480036120836
2019-01-03,0.27235860141294777
2019-01-04,0.29055377051802034
2019-01-07,0.28743267708426756
2019-01-08,0.28889383543011105
2019-01-09,0.2887009024672445
2019-01-10,0.2851458054265104
2019-01-11,0.28489326284214017
2019-01-14,0.2759183483645164
2019-01-15,0.27831593265238647
2019-01-16,0.27706199031556056
2019-01-17,0.2759079168261428
2019-01-18,0.26328284401963004
2019-01-22,0.26634965479769485
2019-01-23,0.2576039302868143
2019-01-24,0.25758596656611343
2019-01-25,0.2586978334972762
2019-01-28,0.25935288368913273
2019-01-29,0.25938841756629355
2019-01-30,0.2566574957919445
2019-01-31,0.24885479077598485
2019-02-01,0.24880799611971946
2019-02-04,0.24345764165999503
2019-02-05,0.23696145614038874
2019-02-06,0.22643085592523932
2019-02-07,0.21038080335893272
2019-02-08,0.1620599770329832
2019-02-11,0.16137810799391894
2019-02-12,0.16341946172440974
2019-02-13,0.16269405742669896
2019-02-14,0.16348863437924804
2019-02-15,0.14204225283606772
2019-02-19,0.1097976627175117
2019-02-20,0.10924107833743324
2019-02-21,0.10888431860879612
2019-02-22,0.10937986986987339
2019-02-25,0.1092943496192793
2019-02-26,0.10944536035648536
2019-02-27,0.10738608716955733
2019-02-28,0.10567852099584339
2019-03-01,0.10656011450496845
2019-03-04,0.10682750350617964
2019-03-05,0.10168040888062667
2019-03-06,0.09356703948424283
2019-03-07,0.0978039036213448
2019-03-08,0.09833314810197197
2019-03-11,0.10375601480192584
2019-03-12,0.09997950955288998
2019-03-13,0.10054351408492813
2019-03-14,0.09240814046736807
2019-03-15,0.0905946764907208
2019-03-18,0.09081267375278398
2019-03-19,0.08954854940865489
2019-03-20,0.08977010365005346
2019-03-21,0.09354260316337072
2019-03-22,0.10648961895142009
2019-03-25,0.1066409345893326
2019-03-26,0.10806622644934152
2019-03-27,0.10363054758215669
2019-03-28,0.10375129661700451
2019-03-29,0.10462548679556162
2019-04-01,0.10520435168267031
2019-04-02,0.10524364779186005
2019-04-03,0.10527129161715473
2019-04-04,0.10439623197994526
2019-04-05,0.10375920350603825
2019-04-08,0.10376000913950814
2019-04-09,0.10574294951754747
2019-04-10,0.1058707880183254
2019-04-11,0.10526066469832603
2019-04-12,0.1051303813075738
2019-04-15,0.10417419324971507
2019-04-16,0.10394403834540204
2019-04-17,0.1018385045595724
2019-04-18,0.09763391038344094
2019-04-22,0.09693941466600564
2019-04-23,0.09163291987998672
2019-04-24,0.09226753703337122
2019-04-25,0.09100998670010788
2019-04-26,0.09125347595315297
2019-04-29,0.09067324596574099
2019-04-30,0.0904184975775577
2019-05-01,0.09390253398349875
2019-05-02,0.0936272213870967
2019-05-03,0.09258865559785887
2019-05-06,0.07272987121710076
2019-05-07,0.08945357648081421
2019-05-08,0.0878045439217907
2019-05-09,0.08706449586744673
2019-05-10,0.0871019630242364
2019-05-13,0.11134912293124609
2019-05-14,0.10851463719491716
2019-05-15,0.10999244274614395
2019-05-16,0.11292535177558567
2019-05-17,0.11401904889519239
2019-05-20,0.1145913105987051
2019-05-21,0.11750964455911049
2019-05-22,0.11650694392955639
2019-05-23,0.12071630783489418
2019-05-24,0.12085028651975188
2019-05-28,0.12078076242389348
2019-05-29,0.12189142222663671
2019-05-30,0.12219514078422355
2019-05-31,0.1269181631480182
2019-06-03,0.1265615460926797
2019-06-04,0.14332053698396566
2019-06-05,0.14292064863593257
2019-06-06,0.1444505375947427
2019-06-07,0.1482001313922845
2019-06-10,0.14819237692421178
2019-06-11,0.14811315362195035
2019-06-12,0.14809213223694415
2019-06-13,0.14728477769172404
2019-06-14,0.14723789990843572
2019-06-17,0.14425875334428545
2019-06-18,0.14678856910113597
2019-06-19,0.13852042803547218
2019-06-20,0.14074381278797973
2019-06-21,0.14041021300068607
2019-06-24,0.14036516373733762
2019-06-25,0.12315986339337494
2019-06-26,0.12165779297051617
2019-06-27,0.12109273869845422
2019-06-28,0.1196209559175785
2019-07-01,0.11953730105803462
2019-07-02,0.1171929298678479
2019-07-03,0.1167924755614133
2019-07-05,0.11649997416414652
2019-07-08,0.1110670855112383
2019-07-09,0.11107162479144118
2019-07-10,0.10702969302227888
2019-07-11,0.10347211045121454
2019-07-12,0.10363973798937325
2019-07-15,0.09257605190284697
2019-07-16,0.09294266111489172
2019-07-17,0.0791532895599949
2019-07-18,0.07719494485721284
2019-07-19,0.07960250227348359
2019-07-22,0.07507649427133338
2019-07-23,0.07619097141414281
2019-07-24,0.07660898028416102
2019-07-25,0.07845941235598085
2019-07-26,0.080000888423256
2019-07-29,0.08000245799797906
2019-07-30,0.08087112402124892
2019-07-31,0.08444347134641886
2019-08-01,0.08868869658308069
2019-08-02,0.08694526993073003
2019-08-05,0.12205893802462164
2019-08-06,0.1287862407289818
2019-08-07,0.12609849245091284
2019-08-08,0.13767139809632395
2019-08-09,0.13868003375142776
2019-08-12,0.14197543640820195
2019-08-13,0.14731469761386523
2019-08-14,0.16901262967667927
2019-08-15,0.16723128716805832
2019-08-16,0.17358446937693048
2019-08-19,0.17731636859395872
2019-08-20,0.1785037318491247
2019-08-21,0.17979973794559498
2019-08-22,0.17957745233278077
2019-08-23,0.1929118823457261
2019-08-26,0.19639604854570403
2019-08-27,0.19637967687765995
2019-08-28,0.1970986512752827
2019-08-29,0.20068006609366237
2019-08-30,0.20003991524174053
2019-09-03,0.20062396707368893
2019-09-04,0.20227664694212275
2019-09-05,0.20560621070199014
2019-09-06,0.20511615275423675
2019-09-09,0.2038544508633289
2019-09-10,0.20383520139572148
2019-09-11,0.20489605032489924
2019-09-12,0.20244246648608183
2019-09-13,0.20051407340153132
2019-09-16,0.19944035984454628
2019-09-17,0.17710352615996566
2019-09-18,0.17397001596128545
2019-09-19,0.17400987306638693
2019-09-20,0.16692083428076193
2019-09-23,0.16551442867283547
2019-09-24,0.16318165482690714
2019-09-25,0.15843637698458488
2019-09-26,0.13098458446559047
2019-09-27,0.13247350924151932
2019-09-30,0.12710617526213225
2019-10-01,0.1282714307010378
2019-10-02,0.1367619610460419
2019-10-03,0.13661820382246753
2019-10-04,0.14278306836929672
2019-10-07,0.12016689977730546
2019-10-08,0.12566740871333412
2019-10-09,0.12781549689633456
2019-10-10,0.1277636694544919
2019-10-11,0.12642049685709414
2019-10-14,0.12654404451619106
2019-10-15,0.12742921980616134
2019-10-16,0.12424250294379686
2019-10-17,0.11878818482647782
2019-10-18,0.1193859101461249
2019-10-21,0.12097822728983167
2019-10-22,0.12150853595024345
2019-10-23,0.1199636492450215
2019-10-24,0.11980046406802544
2019-10-25,0.12034157715455608
2019-10-28,0.12089554496085787
2019-10-29,0.12078615743506373
2019-10-30,0.1210742220197579
2019-10-31,0.12149279815953891
2019-11-01,0.12332501544423935
2019-11-04,0.12356238754855996
2019-11-05,0.12052418309349176
2019-11-06,0.11961573087301752
2019-11-07,0.11925000953718254
2019-11-08,0.11767837921011619
2019-11-11,0.11758209182616552
2019-11-12,0.11039863331701172
2019-11-13,0.0935761094419654
2019-11-14,0.09210537847582514
2019-11-15,0.08640278707040233
2019-11-18,0.08440762682926654
2019-11-19,0.06655918257521
2019-11-20,0.06595592502511012
2019-11-21,0.06548251692548358
2019-11-22,0.05955315210941087
2019-11-25,0.061303431942976834
2019-11-26,0.05629754013600378
2019-11-27,0.05572603542012753
2019-11-29,0.05810306515170463
2019-12-02,0.06333422347502457
2019-12-03,0.06527345380895437
2019-12-04,0.06561332735815172
2019-12-05,0.06545033919010214
2019-12-06,0.0693292518567124
2019-12-09,0.07014397709838179
2019-12-10,0.06921493490654156
2019-12-11,0.06919621666254533
2019-12-12,0.07225982084963171
2019-12-13,0.071193211628951
2019-12-16,0.0690030324505709
2019-12-17,0.06868880298501068
2019-12-18,0.06849351063971382
2019-12-19,0.06909551698565893
2019-12-20,0.0697678506428947
2019-12-23,0.06970599424424742
2019-12-24,0.06915296463872338
2019-12-26,0.06997022534071254
2019-12-27,0.07006993807968477
2019-12-30,0.0732077533626069
2019-12-31,0.0708742825236455
2020-01-02,0.07384528295834084
2020-01-03,0.0776652991087774
2020-01-06,0.07647498696967635
2020-01-07,0.07697688834253788
2020-01-08,0.07761332851598407
2020-01-09,0.07707852929857537
2020-01-10,0.07805502805564479
2020-01-13,0.07935941938464612
2020-01-14,0.07820010212447895
2020-01-15,0.07207448819655826
2020-01-16,0.06982453964682636
2020-01-17,0.06896297409889603
2020-01-21,0.07039385484778442
2020-01-22,0.06733324457872361
2020-01-23,0.06569939634539339
2020-01-24,0.07259279815043201
2020-01-27,0.08830171418044074
2020-01-28,0.08948804144639469
2020-01-29,0.0896258102171873
2020-01-30,0.08801223273085239
2020-01-31,0.10333234026878262
2020-02-03,0.10520273250333445
2020-02-04,0.11269216168368981
2020-02-05,0.11605643348876296
2020-02-06,0.1162173426163255
2020-02-07,0.11775388319849071
2020-02-10,0.11857857467851539
2020-02-11,0.11853872296364948
2020-02-12,0.11756487053698005
2020-02-13,0.11786604407877456
2020-02-14,0.1160466125732287
2020-02-18,0.11407245414447671
2020-02-19,0.11431395110709287
2020-02-20,0.11467694072332704
2020-02-21,0.11920239773419554
2020-02-24,0.15405946128788411
2020-02-25,0.1766249150535195
2020-02-26,0.17495200811846784
2020-02-27,0.21384454047961743
2020-02-28,0.21378983488505435
2020-03-02,0.25571000077717493
2020-03-03,0.2656844525375746
2020-03-04,0.29663143469352515
2020-03-05,0.3107719729333172
2020-03-06,0.3131602266244905
2020-03-09,0.3769439423627005
2020-03-10,0.4079837748240397
2020-03-11,0.42617460621979986
2020-03-12,0.4985280076277482
2020-03-13,0.5784890529970909
2020-03-16,0.6659927683977981
2020-03-17,0.6941749828110436
2020-03-18,0.7024407598862208
2020-03-19,0.7010079137180832
2020-03-20,0.7064406920610071
2020-03-23,0.7080782505939341
2020-03-24,0.7704110284813471
2020-03-25,0.7721562195335757
2020-03-26,0.798445235644511
2020-03-27,0.8019382770240968
2020-03-30,0.8105784244208996
2020-03-31,0.8108793926500552
2020-04-01,0.8168066523166453
2020-04-02,0.8219582191185175
2020-04-03,0.8221765001052633
2020-04-06,0.8492910264261977
2020-04-07,0.8459256567846821
2020-04-08,0.8530950756468799
2020-04-09,0.845256767794765
2020-04-13,0.8454167702805501
2020-04-14,0.8391255896538212
2020-04-15,0.8376268627449842
2020-04-16,0.8278339962982632
2020-04-17,0.8264385090706604
2020-04-20,0.8265871302929478
2020-04-21,0.8006158494975197
2020-04-22,0.7903563892313052
2020-04-23,0.7765561274177094
2020-04-24,0.7205347006859246
2020-04-27,0.6721443714877932
2020-04-28,0.5636373413926865
2020-04-29,0.5441993878789717
2020-04-30,0.5185411255806553
2020-05-01,0.5284043569286739
2020-05-04,0.5074281071693689
2020-05-05,0.4952931235694058
2020-05-06,0.4262278885283384
2020-05-07,0.4262241076678295
2020-05-08,0.39239642083915716
2020-05-11,0.3761540665156423
2020-05-12,0.37316762448194424
2020-05-13,0.37384020424867764
2020-05-14,0.3464226879443901
2020-05-15,0.3422909240561232
2020-05-18,0.34582910440212283
2020-05-19,0.2899009175439016
2020-05-20,0.29205859848365984
2020-05-21,0.2793768130287649
2020-05-22,0.27704722068134996
2020-05-26,0.276095714289581
2020-05-27,0.26592564500287164
2020-05-28,0.25618104535874014
2020-05-29,0.25610015011085047
2020-06-01,0.24594366105302448
2020-06-02,0.23900026728201348
2020-06-03,0.21832094577091993
2020-06-04,0.21225296576234431
2020-06-05,0.22164368641876703
2020-06-08,0.22101796484665168
2020-06-09,0.22156833569618326
2020-06-10,0.221593241188042
2020-06-11,0.27665578952608283
2020-06-12,0.2771461044560827
2020-06-15,0.2630174718544972
2020-06-16,0.26714331183544243
2020-06-17,0.2672937332571114
2020-06-18,0.26576424071099874
2020-06-19,0.2657162026965633
2020-06-22,0.262541309693621
2020-06-23,0.2625330931296019
2020-06-24,0.267003644817843
2020-06-25,0.26149283653644595
2020-06-26,0.27183063338643787
2020-06-29,0.2742959330760135
2020-06-30,0.26314031633469226
2020-07-01,0.26070267153942445
2020-07-02,0.25723559552196107
2020-07-06,0.2586682593104829
2020-07-07,0.26160021521225774
2020-07-08,0.26042358433716234
2020-07-09,0.2584555258824574
2020-07-10,0.25954785366035127
2020-07-13,0.26136306877980137
2020-07-14,0.2636294909838018
2020-07-15,0.26382994752494593
2020-07-16,0.26172750005166845
2020-07-17,0.26142326374361113
2020-07-20,0.25159812226198
2020-07-21,0.2493295717295231
2020-07-22,0.2485590776329569
2020-07-23,0.2508823960581381
2020-07-24,0.17813314104491404
2020-07-27,0.17591704734834013
2020-07-28,0.1766454628789479
2020-07-29,0.17204315794952926
2020-07-30,0.1720819876702848
2020-07-31,0.17299605624043207
2020-08-03,0.17226395487918328
2020-08-04,0.17182877718316028
2020-08-05,0.17218433020866852
2020-08-06,0.15074576509106516
2020-08-07,0.1490670359950204
2020-08-10,0.12511483619376193
2020-08-11,0.1250877593841499
2020-08-12,0.12392743984997476
2020-08-13,0.12457563379464259
2020-08-14,0.1247128141595223
2020-08-17,0.11812180580369366
2020-08-18,0.11160897378333269
2020-08-19,0.11218514723486962
2020-08-20,0.1097705083493435
2020-08-21,0.10714588597262005
2020-08-24,0.10369659689262609
2020-08-25,0.09877522416437322
2020-08-26,0.09947096895241997
2020-08-27,0.09791395008947715
2020-08-28,0.09860985391746453
2020-08-31,0.098185300577115
2020-09-01,0.09922938976685114
2020-09-02,0.10553638777357979
2020-09-03,0.14688602075507176
2020-09-04,0.1479578546777884
2020-09-08,0.17051831555233374
2020-09-09,0.17768912801349707
2020-09-10,0.18340926444835898
2020-09-11,0.182888705340513
2020-09-14,0.18506778485501424
2020-09-15,0.18460301838182702
2020-09-16,0.1851810573385912
2020-09-17,0.18629035415415876
2020-09-18,0.1882862658794142
2020-09-21,0.19110248393109666
2020-09-22,0.19360894344787088
2020-09-23,0.20407731626917422
2020-09-24,0.1995377243172448
2020-09-25,0.2056696678769975
2020-09-28,0.21134599430082357
2020-09-29,0.21159382439168345
2020-09-30,0.21294680947832645
2020-10-01,0.2131284953122113
2020-10-02,0.21475480444414025
2020-10-05,0.22098119518131462
2020-10-06,0.2226475039623787
2020-10-07,0.22842233758974811
2020-10-08,0.22765002649027238
2020-10-09,0.229091864160336
2020-10-12,0.23323511161354044
2020-10-13,0.23392891782799427
2020-10-14,0.23368141235359158
2020-10-15,0.22894946946215267
2020-10-16,0.2045435589495564
2020-10-19,0.20883450514556115
2020-10-20,0.1917254764380555
2020-10-21,0.1832548827138868
2020-10-22,0.17553998810400448
2020-10-23,0.17564941985534194
2020-10-26,0.1812643558043165
2020-10-27,0.18086870387280982
2020-10-28,0.2074963815301245
2020-10-29,0.2096094552420063
2020-10-30,0.21005088484821904
2020-11-02,0.21043700468159937
2020-11-03,0.21450385877278458
2020-11-04,0.2103410989025815
2020-11-05,0.21624701240210412
2020-11-06,0.2126768249974761
2020-11-09,0.2105353975396375
2020-11-10,0.20980558745600125
2020-11-11,0.2096599549492406
2020-11-12,0.21229599135862554
2020-11-13,0.21233046469728847
2020-11-16,0.20905699989409185
2020-11-17,0.20454641163648762
2020-11-18,0.2033898104154895
2020-11-19,0.202598372871418
2020-11-20,0.20266564851682012
2020-11-23,0.19781726504161584
2020-11-24,0.20179517774184139
2020-11-25,0.20061599176186456
2020-11-27,0.20044085832439898
2020-11-30,0.20119438734819636
2020-12-01,0.19592613640519596
2020-12-02,0.19579377648280016
2020-12-03,0.19554040215125612
2020-12-04,0.19629779288083393
2020-12-07,0.19666014391394196
2020-12-08,0.18653327053419846
2020-12-09,0.18842868915181835
2020-12-10,0.15082168755072645
2020-12-11,0.14952838458349446
2020-12-14,0.14409998839112853
2020-12-15,0.1444240541976849
2020-12-16,0.13817057499451776
2020-12-17,0.12640064225832667
2020-12-18,0.11700889480915085
2020-12-21,0.11805287982560676
2020-12-22,0.11466054032959229
2020-12-23,0.11439216457124607
2020-12-24,0.11303820084568861
2020-12-28,0.10988936616474278
2020-12-29,0.10461292631079114
2020-12-30,0.09992693326667003
2020-12-31,0.09959850522584834
2021-01-04,0.10354400308699613
2021-01-05,0.10464936871210838
2021-01-06,0.1024521284597182
2021-01-07,0.10876339502447122
2021-01-08,0.10085827723668653
2021-01-11,0.1032701025209171
2021-01-12,0.10328803872427476
2021-01-13,0.10168271278807466
2021-01-14,0.09868633362283166
2021-01-15,0.10161551036242597
2021-01-19,0.10361871029172505
2021-01-20,0.10785107587919363
2021-01-21,0.1074476649376936
2021-01-22,0.10813099497011289
2021-01-25,0.1047192187911879
2021-01-26,0.10477030591375909
2021-01-27,0.1311960480217329
2021-01-28,0.13272721034034166
2021-01-29,0.14081061638388762
2021-02-01,0.14807742823359582
2021-02-02,0.15231688048039624
2021-02-03,0.1517255874880079
2021-02-04,0.15350279529188351
2021-02-05,0.15323484372212973
2021-02-08,0.15404688347712236
2021-02-09,0.1542399662231806
2021-02-10,0.15297333502353877
2021-02-11,0.15254946889513651
2021-02-12,0.15279344420928465
2021-02-16,0.15229790662423523
2021-02-17,0.1443879583226658
2021-02-18,0.14475620625938976
2021-02-19,0.14458400184582343
2021-02-22,0.14113490026661743
2021-02-23,0.14040937817766663
2021-02-24,0.14214017045725175
2021-02-25,0.16036419893577528
2021-02-26,0.16090230281008439
2021-03-01,0.17446009009773789
2021-03-02,0.17484126972524552
2021-03-03,0.17803807033836963
2021-03-04,0.17740683679440242
2021-03-05,0.18679272004196318
2021-03-08,0.1872419345068705
2021-03-09,0.19150582498414934
2021-03-10,0.1921535821392833
2021-03-11,0.1773293205896412
2021-03-12,0.17567729930236148
2021-03-15,0.16481824328550312
2021-03-16,0.15984777209805917
2021-03-17,0.15566315206374878
2021-03-18,0.16248874569068378
2021-03-19,0.1596885617583564
2021-03-22,0.16053829372814982
2021-03-23,0.1608411893522916
2021-03-24,0.16159782385609459
2021-03-25,0.16234491703214116
2021-03-26,0.16928715308106407
2021-03-29,0.16886620595784715
2021-03-30,0.16915645626424514
2021-03-31,0.169421824039004
2021-04-01,0.17192599027218797
2021-04-05,0.17605418485314303
2021-04-06,0.17405580441556434
2021-04-07,0.17405194363485055
2021-04-08,0.17183683317518328
2021-04-09,0.15397256269781495
2021-04-12,0.15265424242736986
2021-04-13,0.1390070407464431
2021-04-14,0.13695051365485703
2021-04-15,0.1313978469348232
2021-04-16,0.12187220282877141
2021-04-19,0.1146268130769078
2021-04-20,0.1155814725542871
2021-04-21,0.11219529572011343
2021-04-22,0.11663162213906163
2021-04-23,0.11697534342277321
2021-04-26,0.11694001443638603
2021-04-27,0.1163311017439857
2021-04-28,0.11616720726603973
2021-04-29,0.11701355602378502
2021-04-30,0.10942675011152164
2021-05-03,0.10910776355858402
2021-05-04,0.11118755187381497
2021-05-05,0.10756471195655054
2021-05-06,0.10643011680772782
2021-05-07,0.1070674061551429
2021-05-10,0.10512376469818474
2021-05-11,0.10918195901965695
2021-05-12,0.12733803808518665
2021-05-13,0.1312772018936686
2021-05-14,0.13373840087853686
2021-05-17,0.12816622384758328
2021-05-18,0.13087005289622855
2021-05-19,0.13120160638176684
2021-05-20,0.13408898035072758
2021-05-21,0.13238360827690154
2021-05-24,0.1352957676211887
2021-05-25,0.13526562538295003
2021-05-26,0.13464632419693967
2021-05-27,0.1309503840208271
2021-05-28,0.13058037196084177
2021-06-01,0.12956386686865096
2021-06-02,0.1278055344987645
2021-06-03,0.12564320892828648
2021-06-04,0.1247989731404081
2021-06-07,0.1210905504329173
2021-06-08,0.12102021732553614
2021-06-09,0.12117432870751303
2021-06-10,0.12177334638263304
2021-06-11,0.12040381552834128
2021-06-14,0.11833692727337232
2021-06-15,0.11839430100137278
2021-06-16,0.11777729289624145
2021-06-17,0.11780612993768232
2021-06-18,0.12179447712610116
2021-06-21,0.12681270818919643
2021-06-22,0.12369920548904918
2021-06-23,0.12073459801529522
2021-06-24,0.101518767528775
2021-06-25,0.09667289264472288
2021-06-28,0.08780173127445048
2021-06-29,0.08721406673583247
2021-06-30,0.08238438680231883
2021-07-01,0.08207929745910136
2021-07-02,0.07963373004362877
2021-07-06,0.08002576375602985
2021-07-07,0.07619249667236032
2021-07-08,0.08082492871409894
2021-07-09,0.0860796711363408
2021-07-12,0.0862880244753385
2021-07-13,0.0874646643375822
2021-07-14,0.08730137730063608
2021-07-15,0.08831910490341542
2021-07-16,0.09086626946199919
2021-07-19,0.1002419370286676
2021-07-20,0.10908384042410912
2021-07-21,0.11118297953728519
2021-07-22,0.1108786695860492
2021-07-23,0.11348887385489582
2021-07-26,0.11351551195560834
2021-07-27,0.11486181541040819
2021-07-28,0.11454620808464264
2021-07-29,0.1131062298597792
2021-07-30,0.11476341268136947
2021-08-02,0.10676274063240543
2021-08-03,0.10220247776034552
2021-08-04,0.10314545910011515
2021-08-05,0.10381071114002828
2021-08-06,0.10299372876378642
2021-08-09,0.10301437225527824
2021-08-10,0.10295921330210323
2021-08-11,0.10292739904239381
2021-08-12,0.10328832860165578
2021-08-13,0.10261409891665206
2021-08-16,0.10094880841195122
2021-08-17,0.10328090705992067
2021-08-18,0.10823413869897003
2021-08-19,0.10490464667069224
2021-08-20,0.10251548655407854
2021-08-23,0.10478512335487068
2021-08-24,0.10402199277487809
2021-08-25,0.10409008753662173
2021-08-26,0.10524709525778192
2021-08-27,0.10458372015313729
2021-08-30,0.09111974233607885
2021-08-31,0.08267818667945677
2021-09-01,0.08023331955923374
2021-09-02,0.08033713607202654
2021-09-03,0.0759099535962378
2021-09-07,0.07679319760062306
2021-09-08,0.07531490567632554
2021-09-09,0.07691708741527258
2021-09-10,0.07991176052804545
2021-09-13,0.07822207297069073
2021-09-14,0.08006267777742065
2021-09-15,0.0802943339325065
2021-09-16,0.07908934050406487
2021-09-17,0.0820994065506112
2021-09-20,0.09556903279625537
2021-09-21,0.09556556846936766
2021-09-22,0.09987938806981626
2021-09-23,0.10612298734079474
2021-09-24,0.10551047466859757
2021-09-27,0.10568826380811873
2021-09-28,0.12039543497008544
2021-09-29,0.1191691842417029
2021-09-30,0.12006898661542635
2021-10-01,0.125065189148289
2021-10-04,0.127578404278666
2021-10-05,0.12900617555650748
2021-10-06,0.1296602633056134
2021-10-07,0.1321014829583662
2021-10-08,0.1312637848538153
2021-10-11,0.129392533811044
2021-10-12,0.12842361247907033
2021-10-13,0.12903413551873172
2021-10-14,0.13941010802200077
2021-10-15,0.14103414275902798
2021-10-18,0.14146891825710872
2021-10-19,0.14288164858207816
2021-10-20,0.1432005027052671
2021-10-21,0.14267649416560985
2021-10-22,0.14065155706610585
2021-10-25,0.1410775298214293
2021-10-26,0.13974327448475402
2021-10-27,0.1389634428092098
2021-10-28,0.1413540738767814
2021-10-29,0.13811757392210583
2021-11-01,0.1267700271320223
2021-11-02,0.12659252206724916
2021-11-03,0.12533581212116562
2021-11-04,0.12180812804572841
2021-11-05,0.1219443845531608
2021-11-08,0.12121136677249585
2021-11-09,0.10271855150737154
2021-11-10,0.10729259753123956
2021-11-11,0.09884794958917024
2021-11-12,0.09623860502064344
2021-11-15,0.08485888229099377
2021-11-16,0.08176881654446043
2021-11-17,0.08302218923325944
2021-11-18,0.08119598447175948
2021-11-19,0.0809800343605439
2021-11-22,0.07802991359845939
2021-11-23,0.0767329982342165
2021-11-24,0.07672083617529143
2021-11-26,0.09546116471143495
2021-11-29,0.10008419624182982
2021-11-30,0.11587473459899471
2021-12-01,0.11943559876588397
2021-12-02,0.12597917148880308
2021-12-03,0.1282212747010532
2021-12-06,0.1326291869390171
2021-12-07,0.14471601984740678
2021-12-08,0.14483179901962984
2021-12-09,0.14572725877748507
2021-12-10,0.145579889374646
2021-12-13,0.14838342163241586
2021-12-14,0.15010013449722506
2021-12-15,0.1569918034763712
2021-12-16,0.15824952103858392
2021-12-17,0.1605509916739061
2021-12-20,0.16314824810793205
2021-12-21,0.17185083594805944
2021-12-22,0.1742072222863743
2021-12-23,0.17320938612872616
2021-12-27,0.17739415509700737
2021-12-28,0.1765126811594364
2021-12-29,0.17650456553628374
2021-12-30,0.1766003278013296
2021-12-31,0.17660421917844085
2022-01-03,0.1772242826328021
2022-01-04,0.17715891921721025
2022-01-05,0.18626447133081586
2022-01-06,0.1862402061690959
2022-01-07,0.18649962288416536
2022-01-10,0.17384186895870127
2022-01-11,0.17167863291295885
2022-01-12,0.16156688614577538
2022-01-13,0.16340879451619264
2022-01-14,0.15863270685784533
2022-01-18,0.16603859726235037
2022-01-19,0.16486644442758655
2022-01-20,0.15496131087892992
2022-01-21,0.16232621088617774
2022-01-24,0.16221917920266762
2022-01-25,0.16118198136243486
2022-01-26,0.1599907029800718
2022-01-27,0.1595191437961936
2022-01-28,0.16901986449464104
2022-01-31,0.17812418394827725
2022-02-01,0.1773292311962782
2022-02-02,0.17645913784866563
2022-02-03,0.18221895781987266
2022-02-04,0.18006399037863366
2022-02-07,0.17872537067329533
2022-02-08,0.1752818047845634
2022-02-09,0.18160664091036643
2022-02-10,0.18774072663538663
2022-02-11,0.1940761876443351
2022-02-14,0.19411302298026809
2022-02-15,0.19970464028352258
2022-02-16,0.19985996659277785
2022-02-17,0.20125161958760157
2022-02-18,0.2017035898884738
2022-02-22,0.20288556753411566
2022-02-23,0.2078844046229126
2022-02-24,0.2115377118501574
2022-02-25,0.22350829695612737
2022-02-28,0.22067451555530962
2022-03-01,0.22388866216334102
2022-03-02,0.22683354965578315
2022-03-03,0.22577295383525103
2022-03-04,0.22477131233454092
2022-03-07,0.23399915071565397
2022-03-08,0.23423837728809982
2022-03-09,0.2450664716984825
2022-03-10,0.2452999077950357
2022-03-11,0.24756095656867
2022-03-14,0.2363455576209901
2022-03-15,0.2383774023752436
2022-03-16,0.24736058027641308
2022-03-17,0.24860408224635944
2022-03-18,0.24122538250968042
2022-03-21,0.24073147395839337
2022-03-22,0.2427449291663545
2022-03-23,0.2441542039139991
2022-03-24,0.2440628800086236
2022-03-25,0.2386082701539262
2022-03-28,0.2321059814525306
2022-03-29,0.2337111951964214
2022-03-30,0.2309879673664704
2022-03-31,0.23601993832110577
2022-04-01,0.22696905575562734
2022-04-04,0.226309008721839
2022-04-05,0.22752220899458214
2022-04-06,0.22215398990285745
2022-04-07,0.2188941791711456
2022-04-08,0.21019803112810523
2022-04-11,0.2162472170930504
2022-04-12,0.21133278251124604
2022-04-13,0.20691106865492948
2022-04-14,0.20953321039817993
2022-04-18,0.20808447402600272
2022-04-19,0.19214667100993107
2022-04-20,0.19030725570385315
2022-04-21,0.18307009069785085
2022-04-22,0.20067682925974406
2022-04-25,0.19732319011452126
2022-04-26,0.21331651955926126
2022-04-27,0.20368226418494645
2022-04-28,0.20609420770536938
2022-04-29,0.22697141325381393
2022-05-02,0.2244705819051132
2022-05-03,0.2253656608699041
2022-05-04,0.24084800852060473
2022-05-05,0.25880538228321764
2022-05-06,0.25410164277376074
2022-05-09,0.2664078301047832
2022-05-10,0.2650206718419442
2022-05-11,0.26246410533387726
2022-05-12,0.26269659112579496
2022-05-13,0.2736676109725307
2022-05-16,0.2728126565696273
2022-05-17,0.2796423331550281
2022-05-18,0.2983676889191267
2022-05-19,0.29799769781707636
2022-05-20,0.29719305416699304
2022-05-23,0.3046495397159002
2022-05-24,0.30245019180417815
2022-05-25,0.30480036637685537
2022-05-26,0.3093677570424691
2022-05-27,0.31809717661573395
2022-05-31,0.31834711214524747
2022-06-01,0.3141345375818322
2022-06-02,0.31998518928319525
2022-06-03,0.32057094548026127
2022-06-06,0.3114172287675388
2022-06-07,0.3123289040474298
2022-06-08,0.3030767512914732
2022-06-09,0.3104986690593336
2022-06-10,0.3106801193731491
2022-06-13,0.3130696288922587
2022-06-14,0.3119793314232495
2022-06-15,0.31546742927254184
2022-06-16,0.3107131376035361
2022-06-17,0.2974692028576908
2022-06-21,0.30849309602970737
2022-06-22,0.2958197620736794
2022-06-23,0.29741485393184647
2022-06-24,0.3080116433446852
2022-06-27,0.30811054120699843
2022-06-28,0.30477978066257944
2022-06-29,0.3047019361041893
2022-06-30,0.2983503826507436
2022-07-01,0.2777957309415104
2022-07-05,0.27743554329918363
2022-07-06,0.2776772143829236
2022-07-07,0.2757429043877993
2022-07-08,0.27478970358082255
2022-07-11,0.27510553639134877
2022-07-12,0.2688549151739977
2022-07-13,0.2567755416726057
2022-07-14,0.25657201194517126
2022-07-15,0.26384451746791343
2022-07-18,0.2572879242987286
2022-07-19,0.2684208257819739
2022-07-20,0.2689342573790389
2022-07-21,0.2690530394886421
2022-07-22,0.2686323184423042
2022-07-25,0.2599391286961205
2022-07-26,0.24771619582202656
2022-07-27,0.2295637611447691
2022-07-28,0.23044143184573848
2022-07-29,0.2302756590752841
2022-08-01,0.20523718067840588
2022-08-02,0.20749304163747764
2022-08-03,0.2012777638403933
2022-08-04,0.201177715756501
2022-08-05,0.20081570679408522
2022-08-08,0.18329626452128722
2022-08-09,0.18363137364917068
2022-08-10,0.1796050044324179
2022-08-11,0.1796037894793552
2022-08-12,0.18029806182697114
2022-08-15,0.17927766087888666
2022-08-16,0.1792462793268441
2022-08-17,0.18216141247747614
2022-08-18,0.17896380952556193
2022-08-19,0.18463805599153643
2022-08-22,0.19329506811498245
2022-08-23,0.19066365634956378
2022-08-24,0.18946120623335874
2022-08-25,0.19128820618692952
2022-08-26,0.2136496816551358
2022-08-29,0.21300884486287708
2022-08-30,0.201398925752641
2022-08-31,0.20212322331329566
2022-09-01,0.20019379982950888
2022-09-02,0.2007913435137879
2022-09-06,0.2010396946462639
2022-09-07,0.2052828459088419
2022-09-08,0.19147124957085218
2022-09-09,0.19341596155207622
2022-09-12,0.19138240950633967
2022-09-13,0.22861745532033323
2022-09-14,0.22847694136217542
2022-09-15,0.22463897838446376
2022-09-16,0.22510229765613451
2022-09-19,0.22663250632931814
2022-09-20,0.22822587140229625
2022-09-21,0.2322095447126549
2022-09-22,0.22125030650254474
2022-09-23,0.22447740441901204
2022-09-26,0.21553034288957762
2022-09-27,0.2140063935094458
2022-09-28,0.22516126975868156
2022-09-29,0.23003028130522163
2022-09-30,0.23060466126935011
2022-10-03,0.24705131221720997
2022-10-04,0.26168779611984216
2022-10-05,0.26169255874095126
2022-10-06,0.2619846222654294
2022-10-07,0.26619435155093235
2022-10-10,0.25177223883022837
2022-10-11,0.2517577606458864
2022-10-12,0.2508083790775567
2022-10-13,0.26447401747997423
2022-10-14,0.27099168703963744
2022-10-17,0.2832410911702903
2022-10-18,0.2858067247092429
2022-10-19,0.279859954761605
2022-10-20,0.27900262873934495
2022-10-21,0.2847780855144726
2022-10-24,0.28532147351714315
2022-10-25,0.2626847627587304
2022-10-26,0.2631559720436071
2022-10-27,0.2617814100707513
2022-10-28,0.2709893919307054
2022-10-31,0.2711904132268766
2022-11-01,0.2694136816393949
2022-11-02,0.2747197923951107
2022-11-03,0.27535726632386937
2022-11-04,0.27327917673763336
2022-11-07,0.27230698277967563
2022-11-08,0.2723344067634477
2022-11-09,0.2744362499513091
2022-11-10,0.3096766854814823
2022-11-11,0.30536468941825984
2022-11-14,0.30008297019586466
2022-11-15,0.28885076666698073
2022-11-16,0.29014406499853024
2022-11-17,0.28832551224126585
2022-11-18,0.2740709685397518
2022-11-21,0.27306781025937554
2022-11-22,0.27311386324632886
2022-11-23,0.272341048918799
2022-11-25,0.26454213447261915
2022-11-28,0.25828175216547533
2022-11-29,0.24923336004387983
2022-11-30,0.2613908081295645
2022-12-01,0.26002088925867306
2022-12-02,0.2581871148354026
2022-12-05,0.25822060087997056
2022-12-06,0.260918260517954
2022-12-07,0.25718759050810225
2022-12-08,0.25671025725374785
2022-12-09,0.2570512897539158
2022-12-12,0.25053069042853526
2022-12-13,0.24991463266277736
2022-12-14,0.2503492687118869
2022-12-15,0.2502760435758343
2022-12-16,0.25050882647119255
2022-12-19,0.24941001881831912
2022-12-20,0.24793035606299546
2022-12-21,0.25110475526833687
2022-12-22,0.24707158326002324
2022-12-23,0.185979234617049
2022-12-27,0.18366490711304626
2022-12-28,0.1849878912729087
2022-12-29,0.19080330530406467
2022-12-30,0.18966828484487913
2023-01-03,0.18977593166102757
2023-01-04,0.190675586708894
2023-01-05,0.19304746407318338
2023-01-06,0.20089293043960674
2023-01-09,0.19987198886727764
2023-01-10,0.20122098603753988
2023-01-11,0.20005686513132392
2023-01-12,0.20021002217131137
2023-01-13,0.1783987831568858
2023-01-17,0.17844536006036518
2023-01-18,0.18361323041204433
2023-01-19,0.17778752781425933
2023-01-20,0.18179303223277313
2023-01-23,0.18469520531004835
2023-01-24,0.18362423260149838
2023-01-25,0.18212688813475375
2023-01-26,0.18025230847316243
2023-01-27,0.1792483738183431
2023-01-30,0.18252976135074675
2023-01-31,0.17075526437702593
2023-02-01,0.16824042683163237
2023-02-02,0.1684382494390917
2023-02-03,0.17281741965794933
2023-02-06,0.1706763999920007
2023-02-07,0.16610164986163178
2023-02-08,0.1706794764464804
2023-02-09,0.17278507798640633
2023-02-10,0.16745851734249778
2023-02-13,0.16370497272498366
2023-02-14,0.16323546524695082
2023-02-15,0.1620552195474559
2023-02-16,0.16826052778904105
2023-02-17,0.1638920786536563
2023-02-21,0.16441644385821447
2023-02-22,0.16450472801888755
2023-02-23,0.1640431647804512
2023-02-24,0.16315937677342288
2023-02-27,0.16310100879181838
2023-02-28,0.16289314859266985
2023-03-01,0.16334417087079606
2023-03-02,0.15822188589170366
2023-03-03,0.16256184375189656
2023-03-06,0.1537229002414914
2023-03-07,0.15668576524946526
2023-03-08,0.1567503143137347
2023-03-09,0.16548001129529596
2023-03-10,0.16620207308624013
2023-03-13,0.16574532451204857
2023-03-14,0.17033750527789682
2023-03-15,0.16477262131834325
2023-03-16,0.1704419896916142
2023-03-17,0.16575742167177518
2023-03-20,0.16683796054696365
2023-03-21,0.1713311121465567
2023-03-22,0.1720349519648389
2023-03-23,0.17026947726308714
2023-03-24,0.1699037453878392
2023-03-27,0.16982550591206502
2023-03-28,0.16575758869739404
2023-03-29,0.1717734788351694
2023-03-30,0.17251941230469534
2023-03-31,0.17334619201005783
2023-04-03,0.17339369588747278
2023-04-04,0.1634096757754741
2023-04-05,0.16355225412742821
2023-04-06,0.163215983822413
2023-04-10,0.159629987332585
2023-04-11,0.15956716089616976
2023-04-12,0.1598458161077975
2023-04-13,0.16266859218713173
2023-04-14,0.16201719680065937
2023-04-17,0.15597702989139278
2023-04-18,0.15597573585989882
2023-04-19,0.14825052389164886
2023-04-20,0.14978269402608013
2023-04-21,0.13775727236165786
2023-04-24,0.12887545427587208
2023-04-25,0.13885780296876063
2023-04-26,0.13261174908689086
2023-04-27,0.1405057390569964
2023-04-28,0.13402300252343274
2023-05-01,0.12865384081194253
2023-05-02,0.13287568501137345
2023-05-03,0.13036642606209753
2023-05-04,0.12225657407893448
2023-05-05,0.1322082350755809
2023-05-08,0.13167824941738668
2023-05-09,0.13281183442128122
2023-05-10,0.132872606967305
2023-05-11,0.12741128646343172
2023-05-12,0.12675447509999443
2023-05-15,0.12007854609842775
2023-05-16,0.12110749597473096
2023-05-17,0.12466266369421235
2023-05-18,0.12695323414198828
2023-05-19,0.12686613500605012
2023-05-22,0.12687420553982745
2023-05-23,0.1314971988945443
2023-05-24,0.13275408692055582
2023-05-25,0.12951129149558174
2023-05-26,0.13464884244093586
2023-05-30,0.13440670992201598
2023-05-31,0.1357407112489496
2023-06-01,0.13856460164142584
2023-06-02,0.14284527137469283
2023-06-05,0.14315453091893618
2023-06-06,0.14319332854890499
2023-06-07,0.1347810076962932
2023-06-08,0.1343952681314694
2023-06-09,0.1235656355920446
2023-06-12,0.1241236450663987
2023-06-13,0.125038929551003
2023-06-14,0.11867622095683097
2023-06-15,0.11903318986003243
2023-06-16,0.11690130333859039
2023-06-20,0.10889168126489879
2023-06-21,0.11082996575315597
2023-06-22,0.10927066705759647
2023-06-23,0.11257248939753721
2023-06-26,0.11358590215046407
2023-06-27,0.11666719414084671
2023-06-28,0.11683126992192323
2023-06-29,0.11434702243599353
2023-06-30,0.11462830464508733
2023-07-03,0.11262932131914286
2023-07-05,0.11277873711446033
2023-07-06,0.11629788990398535
2023-07-07,0.11059637907637082
2023-07-10,0.10700724676607141
2023-07-11,0.10611046065321018
2023-07-12,0.10231941849325218
2023-07-13,0.10376707868773988
2023-07-14,0.10117815362408733
2023-07-17,0.09886837284948775
2023-07-18,0.0930750835045958
2023-07-19,0.09226885622339252
2023-07-20,0.09586339194153595
2023-07-21,0.09445441783743723
2023-07-24,0.09383957211564332
2023-07-25,0.0938349424522148
2023-07-26,0.09143326964801125
2023-07-27,0.09300244568215311
2023-07-28,0.09626276937514303
2023-07-31,0.09087009386161966
2023-08-01,0.09044480973931095
2023-08-02,0.09911909847110924
2023-08-03,0.09795482710219999
2023-08-04,0.09929452495516536
2023-08-07,0.09879980724134141
2023-08-08,0.09866612831482056
2023-08-09,0.09667654332306547
2023-08-10,0.09663560504318441
2023-08-11,0.0960942629521175
2023-08-14,0.09088872121841371
2023-08-15,0.0971069166968749
2023-08-16,0.09935763526998873
2023-08-17,0.09921968615615775
2023-08-18,0.098919920168191
2023-08-21,0.10077765467340617
2023-08-22,0.09895917821813281
2023-08-23,0.10195744325049881
2023-08-24,0.10540861030145982
2023-08-25,0.10774383076115993
2023-08-28,0.1088540694273513
2023-08-29,0.11534689896861723
2023-08-30,0.11573165540941388
2023-08-31,0.11420464371617431
2023-09-01,0.11434065557810068
2023-09-05,0.11422583491719844
2023-09-06,0.11534798259486952
2023-09-07,0.11555625756752347
2023-09-08,0.11448792074072547
2023-09-11,0.11233194421139188
2023-09-12,0.1130622623446633
2023-09-13,0.1131025379473677
2023-09-14,0.10910490487041655
2023-09-15,0.11445130370204828
2023-09-18,0.1135190422959517
2023-09-19,0.11023727884692104
2023-09-20,0.11273465423584435
2023-09-21,0.12031715044208562
2023-09-22,0.12031066596101912
2023-09-25,0.12122382254889441
2023-09-26,0.12586368268524212
2023-09-27,0.12236339261904547
2023-09-28,0.12252114948227771
2023-09-29,0.12090571112072979
2023-10-02,0.12091500515020571
2023-10-03,0.12455200631210898
2023-10-04,0.12738341548962878
2023-10-05,0.12222573780623315
2023-10-06,0.1223896470852087
2023-10-09,0.12218338290277309
2023-10-10,0.12171210268438588
2023-10-11,0.11409944611438748
2023-10-12,0.11422027644125815
2023-10-13,0.11474850295837033
2023-10-16,0.11956378283854961
2023-10-17,0.11921305672664548
2023-10-18,0.12343823764001306
2023-10-19,0.12514956370390193
2023-10-20,0.1290337500947839
2023-10-23,0.1265073172028611
2023-10-24,0.1288081587536132
2023-10-25,0.13363954453779334
2023-10-26,0.13263102551314362
2023-10-27,0.129803843994079
2023-10-30,0.13624434768560675
2023-10-31,0.138534785814066
2023-11-01,0.14115190232438518
2023-11-02,0.1451548045397042
2023-11-03,0.14752038597644695
2023-11-06,0.1471736496416347
2023-11-07,0.14026637310131104
2023-11-08,0.14025475255614006
2023-11-09,0.14174860200814152
2023-11-10,0.14805898367136142
2023-11-13,0.14813308103626807
2023-11-14,0.150296899453526
2023-11-15,0.1492078948849106
2023-11-16,0.14892265467649524
2023-11-17,0.1459568103156475
2023-11-20,0.1462949394906581
2023-11-21,0.1462594988579896
2023-11-22,0.14622105159178803
2023-11-24,0.14445281734027773
2023-11-27,0.14350050755617216
2023-11-28,0.14101372191351882
2023-11-29,0.14111301033308915
2023-11-30,0.13410466756361322
2023-12-01,0.13082637487497178
2023-12-04,0.12520847545177427
2023-12-05,0.12491356967021963
2023-12-06,0.125553974651632
2023-12-07,0.11612592506459671
2023-12-08,0.10720490841438648
2023-12-11,0.10420867729066198
2023-12-12,0.10136236050735903
2023-12-13,0.10516958014244984
2023-12-14,0.10331540619532607
2023-12-15,0.09311032238237031
2023-12-18,0.0912491003646329
2023-12-19,0.09160846671691958
2023-12-20,0.10491904611429297
2023-12-21,0.10729696411693668
2023-12-22,0.10240401122852277
2023-12-26,0.0952939914100095
2023-12-27,0.09480283035808051
2023-12-28,0.08127225475425034
2023-12-29,0.08250357148460392
